AFNAME,ALNAME,AADDRESS,APHONENUMBER,AEMAIL,JOB_ID,
Jin,Paul,Ap #437-900 Luctus Rd.,1-177-127-8681,jin.paul@skylineacademy.com,1,
Victor,Cantu,"P.O. Box 450, 3077 Eget St.",(842) 336-2226,victor.cantu@skylineacademy.com,2,
Elizabeth,Ross,9959 Enim Street,1-502-469-6304,elizabeth.ross@skylineacademy.com,3,
Jaime,Wilcox,4949 Mauris Av.,(922) 565-8635,jaime.wilcox@skylineacademy.com,4,
Illana,Sandoval,485-4246 Eu Avenue,(652) 296-8653,illana.sandoval@skylineacademy.com,5,
Demetrius,Flynn,7503 Est Rd.,(840) 441-3468,demetrius.flynn@skylineacademy.com,6,
Brett,Stanton,265-5915 Quisque St.,1-832-768-4785,brett.stanton@skylineacademy.com,7,
Nevada,Stephenson,Ap #793-6536 Sit Street,(356) 765-7263,nevada.stephenson@skylineacademy.com,8,
Drake,Anthony,"P.O. Box 844, 7432 Sem, St.",(371) 387-2841,drake.anthony@skylineacademy.com,9,
Karina,Cooke,957-1964 Vitae Street,(340) 517-6324,karina.cooke@skylineacademy.com,10,
Howard,Olsen,"P.O. Box 809, 6151 Diam Rd.",(833) 802-2900,howard.olsen@skylineacademy.com,11,
Lawrence,Scott,"P.O. Box 829, 4543 Duis Road",1-775-303-9728,lawrence.scott@skylineacademy.com,12,
Shelly,Espinoza,193-8454 Gravida St.,(860) 286-5348,shelly.espinoza@skylineacademy.com,13,
Guy,Turner,478-4042 Lobortis Road,1-899-448-3595,guy.turner@skylineacademy.com,14,
Ali,Harris,Ap #601-5144 Diam. Avenue,(536) 916-0152,ali.harris@skylineacademy.com,15,
Solomon,Finley,"296-3019 Ut, Rd.",1-366-251-8012,solomon.finley@skylineacademy.com,16,
Kibo,Eaton,"P.O. Box 745, 4456 Eu Av.",(637) 432-7048,kibo.eaton@skylineacademy.com,17,
Walter,Nixon,509-5303 Consequat Rd.,(232) 428-7262,walter.nixon@skylineacademy.com,18,
Paki,Foreman,706-2658 Lacus. Ave,(228) 613-3433,paki.foreman@skylineacademy.com,19,
Garrett,Rodgers,Ap #282-8506 Eget St.,(672) 824-8744,garrett.rodgers@skylineacademy.com,20,
Vernon,Mcclure,Ap #794-4581 Proin Rd.,1-487-431-6720,vernon.mcclure@skylineacademy.com,21,
Orlando,Hicks,9418 Dapibus Rd.,1-389-788-6204,orlando.hicks@skylineacademy.com,22,
Kai,Daugherty,369-9492 Per St.,(484) 183-4275,kai.daugherty@skylineacademy.com,23,
Hillary,Booth,747-1566 Aliquet Avenue,(428) 867-9424,hillary.booth@skylineacademy.com,24,
Maite,Keller,"2951 Nec, Street",(673) 245-0475,maite.keller@skylineacademy.com,25,
Damian,Schmidt,577-6805 Suspendisse Av.,(715) 907-5458,damian.schmidt@skylineacademy.com,26,
Erin,Martin,1717 Amet Ave,1-857-502-8185,erin.martin@skylineacademy.com,27,
Amir,Grant,154-7005 Varius. Rd.,1-743-661-2325,amir.grant@skylineacademy.com,28,
Barclay,Hicks,"1961 Purus, St.",(656) 879-6767,barclay.hicks@skylineacademy.com,29,
Curran,Cox,Ap #449-2310 Auctor. Rd.,(515) 791-9335,curran.cox@skylineacademy.com,30,
Solomon,Hewitt,"P.O. Box 788, 3806 Sed Av.",(663) 667-1633,solomon.hewitt@skylineacademy.com,31,
Clark,Stevenson,2205 Magna. St.,1-352-543-0029,clark.stevenson@skylineacademy.com,32,
Gretchen,Mercer,566-1456 Dolor Avenue,1-186-671-4001,gretchen.mercer@skylineacademy.com,33,
Asher,Meyers,Ap #951-484 Morbi Rd.,(287) 878-7614,asher.meyers@skylineacademy.com,34,
Ira,Dotson,"P.O. Box 121, 3350 Elit, Avenue",(121) 572-9933,ira.dotson@skylineacademy.com,35,
Stuart,Russo,7454 Ipsum Road,(734) 834-6755,stuart.russo@skylineacademy.com,36,
Kieran,Houston,549-1153 Proin Ave,1-475-279-8657,kieran.houston@skylineacademy.com,37,
Ivor,Holmes,9190 Nunc Road,(140) 567-7870,ivor.holmes@skylineacademy.com,38,
Flynn,Sutton,"8650 Eget, Street",(312) 132-2929,flynn.sutton@skylineacademy.com,39,
Dillon,Clayton,157-8290 In Av.,1-591-794-5538,dillon.clayton@skylineacademy.com,40,
Joshua,Winters,109-4920 Litora Av.,1-435-534-3825,joshua.winters@skylineacademy.com,41,
Harper,Tyler,946-3725 Felis Road,(183) 349-2571,harper.tyler@skylineacademy.com,42,
Linda,Moreno,383-3323 Erat St.,(556) 522-1985,linda.moreno@skylineacademy.com,43,
Victoria,Drake,Ap #834-9826 Porta Avenue,(744) 754-5172,victoria.drake@skylineacademy.com,44,
Morgan,Delgado,Ap #623-5546 Sagittis St.,1-877-824-8831,morgan.delgado@skylineacademy.com,45,
Sawyer,Henson,"4935 Sed, Av.",1-527-404-4512,sawyer.henson@skylineacademy.com,46,
Melodie,Delacruz,"P.O. Box 108, 8391 Neque. Avenue",1-879-400-9056,melodie.delacruz@skylineacademy.com,47,
Sage,Hensley,Ap #742-1229 Enim Street,(757) 262-7664,sage.hensley@skylineacademy.com,48,
Ferdinand,Hammond,Ap #236-6436 Egestas St.,1-430-497-8838,ferdinand.hammond@skylineacademy.com,49,
Caryn,Weiss,Ap #511-542 Ornare Road,(825) 633-6493,caryn.weiss@skylineacademy.com,50,
Ashely,Finch,1104 Habitant Rd.,1-831-739-4803,ashely.finch@skylineacademy.com,51,
Madeson,Zamora,Ap #387-5655 Praesent Rd.,1-834-498-6355,madeson.zamora@skylineacademy.com,52,
Cecilia,Finley,2750 Suspendisse Rd.,(336) 836-2978,cecilia.finley@skylineacademy.com,53,
Karen,Stark,312-6845 Elit Road,(688) 855-9467,karen.stark@skylineacademy.com,54,
Francis,Frye,"Ap #305-9227 Aliquam, Rd.",1-361-728-8876,francis.frye@skylineacademy.com,55,
Zeph,Garrison,6044 Urna St.,1-772-729-3254,zeph.garrison@skylineacademy.com,56,
Ray,Wright,"P.O. Box 117, 231 Amet St.",(713) 429-7786,ray.wright@skylineacademy.com,57,
Harriet,Monroe,748-831 Mollis. Ave,(205) 223-1339,harriet.monroe@skylineacademy.com,58,
Sybil,Frederick,184 Massa. Av.,1-348-344-7921,sybil.frederick@skylineacademy.com,59,
Athena,Morris,336-8631 Quisque Ave,1-453-823-1034,athena.morris@skylineacademy.com,60,
Lacy,Merritt,Ap #219-2536 Eget St.,1-346-340-2161,lacy.merritt@skylineacademy.com,61,
Keiko,Mcclure,3657 Auctor Rd.,(238) 880-6448,keiko.mcclure@skylineacademy.com,62,
Jaden,Nichols,"263-8702 Lobortis, Street",1-933-367-5936,jaden.nichols@skylineacademy.com,63,
Hunter,Reynolds,339-7370 Phasellus St.,(531) 517-6534,hunter.reynolds@skylineacademy.com,64,
Ashely,Thompson,869-1959 Mauris Rd.,(969) 797-6824,ashely.thompson@skylineacademy.com,65,
Georgia,Burgess,344-2366 Eros Street,(566) 459-3183,georgia.burgess@skylineacademy.com,66,
Joan,Preston,"P.O. Box 293, 3282 Arcu. Street",1-963-457-3862,joan.preston@skylineacademy.com,67,
Jaden,Garrison,Ap #393-7041 Fringilla Rd.,1-818-368-4854,jaden.garrison@skylineacademy.com,68,
Jenna,Moon,Ap #452-7499 Adipiscing Street,(747) 524-8711,jenna.moon@skylineacademy.com,69,
Roanna,Cobb,1498 Arcu. Street,1-483-634-5111,roanna.cobb@skylineacademy.com,70,
Macon,Downs,506-2980 Nec Avenue,(214) 377-6851,macon.downs@skylineacademy.com,71,
Kessie,Payne,Ap #660-3938 Sed Road,1-763-235-2504,kessie.payne@skylineacademy.com,72,
Maite,Alexander,416-3878 Et Avenue,1-322-394-9162,maite.alexander@skylineacademy.com,73,
Jolie,Camacho,"P.O. Box 946, 633 Mauris Ave",(417) 749-2187,jolie.camacho@skylineacademy.com,74,
Macy,Lyons,2426 Duis St.,1-288-548-0456,macy.lyons@skylineacademy.com,75,
