SFNAME,SLNAME,SADDRESS,SPHONENUMBER,MAJOR_ID,SEMAIL
Maryl,Hertwell,93630 Sunfield Avenue,+353 (359) 992-2664,1,maryl.hertwell@skylineacademy.com
Nikola,Walczak,4 Messerschmidt Place,+53 (331) 626-5252,2,nikola.walczak@skylineacademy.com
Ninnetta,Jarrad,60168 Lyons Alley,+33 (412) 154-2519,3,ninnetta.jarrad@skylineacademy.com
Rozelle,Kinman,73196 Sunbrook Crossing,+62 (771) 798-8922,4,rozelle.kinman@skylineacademy.com
Fey,Symcoxe,784 Memorial Circle,+216 (890) 894-2034,5,fey.symcoxe@skylineacademy.com
Ingemar,Bonifant,82497 Waxwing Court,+63 (225) 660-8096,6,ingemar.bonifant@skylineacademy.com
Bogey,Hallt,365 Hermina Trail,+86 (760) 427-0707,7,bogey.hallt@skylineacademy.com
Daphna,Langthorne,5013 Sugar Alley,+1 (229) 643-1470,8,daphna.langthorne@skylineacademy.com
Saul,Worsalls,7737 Fordem Avenue,+86 (885) 560-5079,9,saul.worsalls@skylineacademy.com
Virgilio,Kanter,9078 Steensland Pass,+86 (328) 583-2120,10,virgilio.kanter@skylineacademy.com
Lorrin,Bretelle,97 Lillian Hill,+86 (515) 441-9875,11,lorrin.bretelle@skylineacademy.com
Willi,Mulqueeny,5687 Bluejay Center,+55 (412) 273-3162,12,willi.mulqueeny@skylineacademy.com
Andrea,Zuenelli,6 Oriole Junction,+55 (184) 571-5818,13,andrea.zuenelli@skylineacademy.com
Ally,Timothy,9461 Duke Plaza,+62 (982) 757-2838,14,ally.timothy@skylineacademy.com
Giffer,Longland,9 Golden Leaf Court,+55 (177) 948-3211,15,giffer.longland@skylineacademy.com
Tymothy,Basler,056 Chive Road,+48 (153) 105-2474,16,tymothy.basler@skylineacademy.com
Asia,Longstreet,5908 Anderson Point,+62 (672) 713-6304,17,asia.longstreet@skylineacademy.com
Dougie,Balazin,276 5th Parkway,+93 (448) 148-1209,18,dougie.balazin@skylineacademy.com
Dale,Hutfield,524 Basil Crossing,+998 (646) 688-4279,19,dale.hutfield@skylineacademy.com
Kyla,Dockray,49 Holmberg Avenue,+856 (772) 731-1468,20,kyla.dockray@skylineacademy.com
Constancia,Pascall,11905 School Place,+46 (716) 456-2391,1,constancia.pascall@skylineacademy.com
Perice,Dallow,67189 Parkside Avenue,+48 (346) 599-1823,2,perice.dallow@skylineacademy.com
Daron,Ivetts,5662 Meadow Vale Junction,+358 (719) 345-6332,3,daron.ivetts@skylineacademy.com
Freddy,Turmell,358 Pierstorff Junction,+994 (490) 355-6917,4,freddy.turmell@skylineacademy.com
Holly-anne,Kerans,2836 Mitchell Crossing,+420 (278) 708-4175,5,holly-anne.kerans@skylineacademy.com
Catharine,Linforth,3072 Waxwing Alley,+56 (693) 430-7470,6,catharine.linforth@skylineacademy.com
Nessi,Bricket,715 Reindahl Lane,+86 (580) 151-7447,7,nessi.bricket@skylineacademy.com
Filide,Ferraretto,46 Pond Street,+62 (690) 857-9640,8,filide.ferraretto@skylineacademy.com
Kylen,Bramah,0905 Dryden Pass,+46 (917) 780-5194,9,kylen.bramah@skylineacademy.com
Reagan,Kemshell,633 Colorado Court,+86 (357) 250-9383,10,reagan.kemshell@skylineacademy.com
Ofilia,Praten,9686 Rockefeller Parkway,+962 (465) 454-9596,11,ofilia.praten@skylineacademy.com
Osbert,Hanaby,54686 Pearson Drive,+43 (291) 989-3109,12,osbert.hanaby@skylineacademy.com
Ellissa,Crichley,22 Grim Court,+86 (605) 182-4584,13,ellissa.crichley@skylineacademy.com
Neala,Saintpierre,69 Michigan Avenue,+380 (134) 300-3564,14,neala.saintpierre@skylineacademy.com
Micky,Stoaks,070 Mayfield Lane,+86 (111) 665-1675,15,micky.stoaks@skylineacademy.com
Giulio,Renals,799 Harbort Point,+7 (248) 415-1320,16,giulio.renals@skylineacademy.com
Phyllida,Fairpool,80378 Jenifer Terrace,+86 (533) 950-2557,17,phyllida.fairpool@skylineacademy.com
Deirdre,MacCahey,83934 Roth Pass,+503 (960) 436-1927,18,deirdre.maccahey@skylineacademy.com
Rina,Yerrall,2 Old Shore Drive,+86 (902) 191-2626,19,rina.yerrall@skylineacademy.com
Remington,Spilstead,355 Autumn Leaf Crossing,+387 (644) 903-3935,20,remington.spilstead@skylineacademy.com
Magdalena,Mendenhall,51 Bultman Lane,+355 (137) 619-9573,1,magdalena.mendenhall@skylineacademy.com
Caesar,Daffey,5325 1st Junction,+86 (991) 814-4377,2,caesar.daffey@skylineacademy.com
Latashia,Coton,53 Bartillon Plaza,+86 (754) 632-5820,3,latashia.coton@skylineacademy.com
Willis,Guerry,84995 Cambridge Way,+48 (943) 577-6779,4,willis.guerry@skylineacademy.com
Tana,Leveret,18617 Hovde Trail,+232 (541) 686-4021,5,tana.leveret@skylineacademy.com
Sayer,Zanioletti,2703 Delladonna Crossing,+86 (728) 277-5870,6,sayer.zanioletti@skylineacademy.com
Lorettalorna,Fawlks,989 Independence Terrace,+502 (100) 497-0415,7,lorettalorna.fawlks@skylineacademy.com
Clare,Bitten,0587 New Castle Drive,+358 (607) 296-3182,8,clare.bitten@skylineacademy.com
Cam,Shortan,38 Gulseth Center,+81 (966) 157-9510,9,cam.shortan@skylineacademy.com
Marrilee,Burdytt,46846 Menomonie Court,+86 (149) 484-8430,10,marrilee.burdytt@skylineacademy.com
Karil,Gaynor,9131 Lake View Court,+7 (458) 690-4663,11,karil.gaynor@skylineacademy.com
Perle,Pigrome,63464 Bluejay Road,+47 (865) 449-7708,12,perle.pigrome@skylineacademy.com
Gusella,Bradtke,93 Judy Pass,+886 (834) 611-4126,13,gusella.bradtke@skylineacademy.com
Gertrude,Brinsden,2199 Ruskin Road,+57 (398) 630-3491,14,gertrude.brinsden@skylineacademy.com
Cyrille,Melbourn,9059 Acker Street,+81 (438) 286-9135,15,cyrille.melbourn@skylineacademy.com
Klement,Menendes,87116 Esker Street,+46 (937) 446-1063,16,klement.menendes@skylineacademy.com
Almire,Meron,634 Vidon Drive,+63 (399) 343-0362,17,almire.meron@skylineacademy.com
Ches,Balmforth,948 Gulseth Street,+351 (752) 227-1616,18,ches.balmforth@skylineacademy.com
Deva,Bewsy,4731 Summerview Lane,+55 (412) 176-9537,19,deva.bewsy@skylineacademy.com
Wald,Sibley,4 Oxford Park,+351 (866) 250-3141,20,wald.sibley@skylineacademy.com
Wallas,Orrobin,62 Lukken Park,+33 (211) 855-7970,1,wallas.orrobin@skylineacademy.com
Koo,Titt,24 Florence Crossing,+92 (849) 892-9645,2,koo.titt@skylineacademy.com
Blythe,Schimank,1 Di Loreto Plaza,+62 (841) 460-1606,3,blythe.schimank@skylineacademy.com
Brien,Sainter,6 Milwaukee Junction,+86 (846) 820-5546,4,brien.sainter@skylineacademy.com
Lenette,Batchelder,2 Sachtjen Junction,+62 (630) 642-6331,5,lenette.batchelder@skylineacademy.com
Wilona,Rothman,5950 Dahle Road,+51 (942) 569-3363,6,wilona.rothman@skylineacademy.com
Lucine,O'Daly,00826 Vera Drive,+242 (565) 911-1249,7,lucine.odaly@skylineacademy.com
Allissa,Clowney,91917 Brentwood Hill,+230 (113) 942-6723,8,allissa.clowney@skylineacademy.com
Wilbert,Liccardi,678 Warbler Drive,+86 (854) 571-6898,9,wilbert.liccardi@skylineacademy.com
Derek,Whatman,8 Eastwood Road,+1 (228) 671-6534,10,derek.whatman@skylineacademy.com
Kippar,Sibary,3 Arapahoe Alley,+55 (375) 393-8680,11,kippar.sibary@skylineacademy.com
Harriot,Zavattiero,10 Manley Point,+86 (280) 579-6152,12,harriot.zavattiero@skylineacademy.com
Yulma,Carnegie,9 Badeau Trail,+966 (314) 196-0268,13,yulma.carnegie@skylineacademy.com
Matias,Ardling,945 Milwaukee Street,+94 (664) 414-9346,14,matias.ardling@skylineacademy.com
Ellery,Vant,54 Bayside Drive,+46 (290) 353-3183,15,ellery.vant@skylineacademy.com
Leyla,McRamsey,48 Killdeer Street,+670 (761) 342-0008,16,leyla.mcramsey@skylineacademy.com
Elliot,Mariault,8268 Monument Crossing,+267 (848) 402-8260,17,elliot.mariault@skylineacademy.com
Brinna,Scholtis,68712 Forest Run Crossing,+55 (708) 447-6451,18,brinna.scholtis@skylineacademy.com
Iain,Belsham,24444 Main Street,+62 (521) 155-4910,19,iain.belsham@skylineacademy.com
Harman,Celler,76 Melby Center,+31 (604) 199-7263,20,harman.celler@skylineacademy.com
Franciska,Gillingwater,8 Mcbride Way,+593 (737) 777-9925,1,franciska.gillingwater@skylineacademy.com
Nichols,Downton,165 Main Circle,+7 (973) 699-0400,2,nichols.downton@skylineacademy.com
Joycelin,Oxbrough,6138 Summerview Junction,+420 (753) 900-1163,3,joycelin.oxbrough@skylineacademy.com
Kakalina,Knewstub,79 Goodland Hill,+504 (770) 900-2023,4,kakalina.knewstub@skylineacademy.com
Polly,Josowitz,976 Graceland Circle,+1 (540) 806-7728,5,polly.josowitz@skylineacademy.com
Neysa,Shepherdson,66663 Golf View Terrace,+86 (669) 926-7622,6,neysa.shepherdson@skylineacademy.com
Dinah,Stallon,446 Acker Hill,+389 (848) 117-4974,7,dinah.stallon@skylineacademy.com
Minette,Bauckham,56 Darwin Avenue,+62 (298) 751-9292,8,minette.bauckham@skylineacademy.com
Benton,Ary,02 Troy Avenue,+380 (726) 147-0311,9,benton.ary@skylineacademy.com
Wye,Bordes,616 Pearson Parkway,+63 (933) 873-7254,10,wye.bordes@skylineacademy.com
Cristy,Risebrow,318 Ronald Regan Court,+420 (977) 136-1010,11,cristy.risebrow@skylineacademy.com
Larry,Sline,56 Artisan Crossing,+60 (271) 997-3102,12,larry.sline@skylineacademy.com
Forbes,Maylin,9435 Mcbride Way,+86 (712) 904-6827,13,forbes.maylin@skylineacademy.com
Dilan,Quennell,59637 Fremont Trail,+502 (260) 688-5170,14,dilan.quennell@skylineacademy.com
Bram,Jenton,7598 Jenifer Plaza,+253 (107) 343-6341,15,bram.jenton@skylineacademy.com
Giulietta,Sillitoe,53058 Mayfield Terrace,+63 (648) 999-7772,16,giulietta.sillitoe@skylineacademy.com
Alasdair,Crush,4629 Anthes Junction,+84 (764) 896-7038,17,alasdair.crush@skylineacademy.com
Olivie,Ygoe,2 Monica Way,+996 (522) 636-9659,18,olivie.ygoe@skylineacademy.com
Gretta,Thursfield,3822 Londonderry Park,+86 (223) 253-5877,19,gretta.thursfield@skylineacademy.com
Hester,Beaty,72 Chive Avenue,+685 (713) 246-5566,20,hester.beaty@skylineacademy.com
Maurise,Birtonshaw,6 Sommers Road,+62 (880) 667-5515,1,maurise.birtonshaw@skylineacademy.com
Parry,Burge,3405 Northridge Lane,+7 (814) 266-2123,2,parry.burge@skylineacademy.com
Desdemona,Carette,14762 Carioca Way,+351 (594) 421-4870,3,desdemona.carette@skylineacademy.com
Griff,Udie,10559 Lillian Avenue,+93 (429) 858-2388,4,griff.udie@skylineacademy.com
Aeriel,Senogles,65 Miller Point,+86 (685) 114-8345,5,aeriel.senogles@skylineacademy.com
Bryana,Makinson,15402 Kensington Crossing,+55 (886) 765-9872,6,bryana.makinson@skylineacademy.com
Vick,Halden,57245 Delaware Street,+375 (146) 297-5519,7,vick.halden@skylineacademy.com
Abbott,Wabersinke,6959 Lien Point,+63 (349) 508-7884,8,abbott.wabersinke@skylineacademy.com
Delmar,Yurlov,79603 High Crossing Way,+55 (907) 991-5880,9,delmar.yurlov@skylineacademy.com
Janie,Musk,77 Hoffman Park,+81 (887) 247-9434,10,janie.musk@skylineacademy.com
Ilka,Brice,25 Village Green Circle,+39 (508) 481-1078,11,ilka.brice@skylineacademy.com
Justus,Northeast,35638 Killdeer Drive,+52 (130) 554-9746,12,justus.northeast@skylineacademy.com
Perl,Gentile,4 Carioca Circle,+63 (810) 807-2941,13,perl.gentile@skylineacademy.com
Meghan,Sprulls,0 Lukken Crossing,+55 (573) 699-9341,14,meghan.sprulls@skylineacademy.com
Talia,Rubra,5141 Westport Parkway,+7 (694) 801-9888,15,talia.rubra@skylineacademy.com
Berni,Redgewell,09844 Elmside Place,+1 (900) 741-1236,16,berni.redgewell@skylineacademy.com
Gunilla,Pester,5 Oakridge Alley,+55 (775) 312-0570,17,gunilla.pester@skylineacademy.com
Edmund,Paley,9 Hovde Street,+7 (992) 927-4575,18,edmund.paley@skylineacademy.com
Mia,Caffin,4776 Union Pass,+420 (906) 437-8872,19,mia.caffin@skylineacademy.com
Elizabeth,Kirsch,9686 Dayton Way,+84 (223) 251-8062,20,elizabeth.kirsch@skylineacademy.com
Marlena,Cator,14 Farmco Pass,+48 (613) 703-7812,1,marlena.cator@skylineacademy.com
Clifford,Goodlett,2457 Northview Center,+86 (280) 263-6752,2,clifford.goodlett@skylineacademy.com
Lanae,Tague,408 Ridgeway Circle,+351 (729) 132-8204,3,lanae.tague@skylineacademy.com
Maiga,Hansmann,6 School Lane,+51 (427) 109-2061,4,maiga.hansmann@skylineacademy.com
Berenice,Courcey,35 Rusk Plaza,+86 (856) 397-3581,5,berenice.courcey@skylineacademy.com
Xenia,Layhe,594 Welch Road,+383 (651) 222-4945,6,xenia.layhe@skylineacademy.com
Aretha,Sayton,171 Chinook Way,+962 (748) 903-9077,7,aretha.sayton@skylineacademy.com
Torry,Fearns,67489 Crest Line Crossing,+62 (570) 714-6864,8,torry.fearns@skylineacademy.com
Kerrie,Rivel,83385 Grasskamp Avenue,+63 (293) 133-8423,9,kerrie.rivel@skylineacademy.com
Fredric,Duckhouse,46 Anniversary Alley,+51 (561) 141-2051,10,fredric.duckhouse@skylineacademy.com
Alyson,Verna,23 Merchant Avenue,+86 (694) 990-6963,11,alyson.verna@skylineacademy.com
Mathilde,Cornels,38 Village Green Court,+47 (279) 152-4391,12,mathilde.cornels@skylineacademy.com
Aurelie,Iacovielli,23 Meadow Valley Alley,+94 (984) 403-8676,13,aurelie.iacovielli@skylineacademy.com
Brianna,O'Hanlon,6 David Drive,+61 (298) 510-0195,14,brianna.ohanlon@skylineacademy.com
Jaimie,Phonix,5998 Coleman Park,+63 (298) 763-9189,15,jaimie.phonix@skylineacademy.com
Brigitta,McCoughan,35400 Larry Place,+63 (416) 298-3422,16,brigitta.mccoughan@skylineacademy.com
Emera,Mulliss,9 Redwing Junction,+62 (131) 902-7262,17,emera.mulliss@skylineacademy.com
Adda,MacKeller,14207 2nd Crossing,+57 (326) 444-8102,18,adda.mackeller@skylineacademy.com
Sheelagh,Felton,344 Vidon Drive,+850 (386) 787-5963,19,sheelagh.felton@skylineacademy.com
Emory,Foard,14 Drewry Center,+33 (482) 950-3189,20,emory.foard@skylineacademy.com
Rosette,Korpolak,190 Oak Way,+351 (308) 837-8969,1,rosette.korpolak@skylineacademy.com
Igor,Leverage,2341 Fordem Lane,+92 (342) 788-2815,2,igor.leverage@skylineacademy.com
Rolland,Order,2842 Welch Pass,+86 (388) 612-0479,3,rolland.order@skylineacademy.com
Leonerd,Wilflinger,5984 Colorado Center,+62 (277) 538-3494,4,leonerd.wilflinger@skylineacademy.com
Mychal,O'Lahy,81392 Northview Plaza,+595 (961) 373-5700,5,mychal.olahy@skylineacademy.com
Clay,Marguerite,9722 Schurz Hill,+242 (895) 526-5200,6,clay.marguerite@skylineacademy.com
Darcey,Magson,88 Lerdahl Crossing,+27 (358) 538-6218,7,darcey.magson@skylineacademy.com
Tracee,Redfearn,6 Nancy Court,+51 (858) 299-8725,8,tracee.redfearn@skylineacademy.com
Merv,Sainteau,03362 Westerfield Court,+1 (455) 527-2239,9,merv.sainteau@skylineacademy.com
Bianca,Pitkeathly,1 Thompson Center,+62 (243) 838-1705,10,bianca.pitkeathly@skylineacademy.com
Oswell,Ecles,45449 Forest Park,+63 (823) 221-0947,11,oswell.ecles@skylineacademy.com
Coleman,Sherel,3 Acker Avenue,+62 (385) 514-0757,12,coleman.sherel@skylineacademy.com
Mellicent,Von Gladbach,0 Magdeline Crossing,+27 (665) 868-8981,13,mellicent.von gladbach@skylineacademy.com
Calypso,Shatliffe,7839 Glendale Circle,+244 (120) 309-4963,14,calypso.shatliffe@skylineacademy.com
Sigismondo,Deaves,3 Troy Terrace,+54 (751) 104-0546,15,sigismondo.deaves@skylineacademy.com
Fay,Paulley,307 Bellgrove Pass,+62 (241) 846-7158,16,fay.paulley@skylineacademy.com
Jerrine,Tangye,318 Prentice Road,+86 (290) 544-3729,17,jerrine.tangye@skylineacademy.com
Francesca,Winmill,51 Homewood Pass,+66 (775) 102-7195,18,francesca.winmill@skylineacademy.com
Lilias,Dwelly,0 Merry Hill,+48 (312) 249-7705,19,lilias.dwelly@skylineacademy.com
Judi,Greeding,173 Iowa Alley,+850 (443) 489-9207,20,judi.greeding@skylineacademy.com
Artie,Wight,2470 Bobwhite Lane,+7 (858) 253-4382,1,artie.wight@skylineacademy.com
Catie,Crisford,3 Green Ridge Parkway,+62 (966) 437-3483,2,catie.crisford@skylineacademy.com
Francisco,Heddy,5512 Kenwood Place,+351 (371) 658-8524,3,francisco.heddy@skylineacademy.com
Tome,Kemshell,29762 Pepper Wood Way,+86 (186) 486-5900,4,tome.kemshell@skylineacademy.com
Falkner,Lowers,0 Center Way,+82 (104) 231-1243,5,falkner.lowers@skylineacademy.com
Augusta,Harradence,80822 Straubel Crossing,+359 (210) 860-9849,6,augusta.harradence@skylineacademy.com
Johnette,Walker,035 Arizona Crossing,+33 (406) 446-9494,7,johnette.walker@skylineacademy.com
Lotty,Cornuau,8 Jenifer Street,+976 (875) 572-1335,8,lotty.cornuau@skylineacademy.com
Rafferty,Audiss,3951 Helena Lane,+66 (824) 507-4907,9,rafferty.audiss@skylineacademy.com
Karlen,Sorensen,443 Caliangt Park,+31 (351) 664-7043,10,karlen.sorensen@skylineacademy.com
Marion,Swayton,37649 Helena Street,+57 (882) 328-8768,11,marion.swayton@skylineacademy.com
Emmy,Grigorey,6 Gina Crossing,+62 (206) 109-2250,12,emmy.grigorey@skylineacademy.com
Broderic,Klimt,097 Dahle Pass,+381 (257) 308-8914,13,broderic.klimt@skylineacademy.com
Quillan,Conyer,3 Helena Lane,+387 (160) 297-2714,14,quillan.conyer@skylineacademy.com
Delcine,Curnnokk,5764 Sloan Terrace,+86 (616) 453-6049,15,delcine.curnnokk@skylineacademy.com
Garreth,Dagg,00102 Esker Drive,+84 (458) 575-0677,16,garreth.dagg@skylineacademy.com
Binni,Deboy,18810 Bunting Alley,+62 (707) 337-0255,17,binni.deboy@skylineacademy.com
Danita,Whybrow,088 Briar Crest Parkway,+30 (197) 241-3374,18,danita.whybrow@skylineacademy.com
Lyell,Chatin,779 Bellgrove Trail,+86 (266) 456-4864,19,lyell.chatin@skylineacademy.com
Anet,MacMechan,129 Esch Way,+62 (246) 609-3379,20,anet.macmechan@skylineacademy.com
Fulvia,Bresland,7088 Corscot Point,+62 (593) 938-6371,1,fulvia.bresland@skylineacademy.com
Hilliary,Aizikov,7 Hooker Way,+7 (373) 445-6888,2,hilliary.aizikov@skylineacademy.com
Kamilah,Riche,41746 Marquette Alley,+46 (233) 153-6558,3,kamilah.riche@skylineacademy.com
Maurise,Jones,44325 Beilfuss Street,+33 (296) 517-1171,4,maurise.jones@skylineacademy.com
Tripp,Pepper,702 Brown Avenue,+1 (612) 510-5062,5,tripp.pepper@skylineacademy.com
Dannye,O'Noland,7 Morningstar Pass,+351 (208) 223-2717,6,dannye.onoland@skylineacademy.com
Vi,Ellinor,44 Scott Way,+63 (829) 467-3279,7,vi.ellinor@skylineacademy.com
Foss,Melanaphy,1780 Loomis Avenue,+86 (118) 528-5153,8,foss.melanaphy@skylineacademy.com
Leela,Bridie,3418 Farragut Avenue,+20 (777) 776-1550,9,leela.bridie@skylineacademy.com
Vincents,Dunderdale,30 Maywood Point,+57 (246) 498-7651,10,vincents.dunderdale@skylineacademy.com
Fernandina,Rowatt,800 Clyde Gallagher Alley,+81 (785) 407-6274,11,fernandina.rowatt@skylineacademy.com
Horten,Carnihan,1 Mitchell Avenue,+86 (329) 172-2161,12,horten.carnihan@skylineacademy.com
Lynnet,Lergan,25667 Delaware Parkway,+34 (127) 702-7623,13,lynnet.lergan@skylineacademy.com
Kelvin,Michele,1298 Mayfield Center,+86 (188) 346-2601,14,kelvin.michele@skylineacademy.com
Sharity,Westhead,0 Portage Junction,+86 (107) 944-6835,15,sharity.westhead@skylineacademy.com
Marjie,Iwaszkiewicz,194 Heffernan Alley,+62 (235) 279-1891,16,marjie.iwaszkiewicz@skylineacademy.com
Jeralee,Georgiev,4 Twin Pines Park,+86 (522) 839-1000,17,jeralee.georgiev@skylineacademy.com
Amalee,Searson,36 Riverside Drive,+1 (867) 682-8542,18,amalee.searson@skylineacademy.com
Lynnett,O'Fihily,41 Saint Paul Court,+46 (819) 666-9741,19,lynnett.ofihily@skylineacademy.com
Haskel,Dobbison,672 Grover Parkway,+967 (873) 975-2276,20,haskel.dobbison@skylineacademy.com
Ferris,Mozzini,0268 Jana Hill,+351 (531) 826-2697,1,ferris.mozzini@skylineacademy.com
Lauraine,Queyos,7 8th Trail,+55 (324) 783-8826,2,lauraine.queyos@skylineacademy.com
Chauncey,Caselick,04764 Brown Street,+33 (787) 558-9682,3,chauncey.caselick@skylineacademy.com
Karalynn,Wogdon,4933 Sloan Pass,+593 (322) 822-9608,4,karalynn.wogdon@skylineacademy.com
Alvina,Isacke,38690 Blackbird Parkway,+55 (637) 503-7909,5,alvina.isacke@skylineacademy.com
Erika,Rodda,0389 Pleasure Way,+251 (333) 806-1368,6,erika.rodda@skylineacademy.com
Dee dee,Thrush,6 Mcguire Alley,+48 (723) 632-1658,7,dee dee.thrush@skylineacademy.com
Tatiania,Itzik,26191 Dorton Crossing,+86 (538) 682-9813,8,tatiania.itzik@skylineacademy.com
Conan,Habergham,3618 Graceland Center,+86 (977) 828-0679,9,conan.habergham@skylineacademy.com
Antons,Stares,8505 Dorton Place,+261 (767) 216-3480,10,antons.stares@skylineacademy.com
Charlena,Delicate,514 Birchwood Plaza,+7 (289) 176-4744,11,charlena.delicate@skylineacademy.com
Jacquenetta,McJury,575 Maple Wood Hill,+27 (396) 272-2100,12,jacquenetta.mcjury@skylineacademy.com
Joby,Bruneau,325 Maple Terrace,+86 (380) 285-1677,13,joby.bruneau@skylineacademy.com
Ferrel,Wraith,34897 Muir Pass,+509 (201) 753-3497,14,ferrel.wraith@skylineacademy.com
Karylin,Gunthorp,45088 Dryden Circle,+506 (333) 369-1569,15,karylin.gunthorp@skylineacademy.com
Trixi,Guyonneau,03 Harper Drive,+63 (668) 925-4468,16,trixi.guyonneau@skylineacademy.com
Ash,Tanzer,763 Sutteridge Terrace,+62 (580) 387-5627,17,ash.tanzer@skylineacademy.com
Ansley,Perfect,655 Fuller Junction,+86 (907) 992-1437,18,ansley.perfect@skylineacademy.com
Micki,McIllrick,4051 Brickson Park Trail,+62 (354) 697-8783,19,micki.mcillrick@skylineacademy.com
Irma,Divine,4 Norway Maple Terrace,+63 (817) 509-7545,20,irma.divine@skylineacademy.com
Taite,Seadon,175 Claremont Plaza,+62 (219) 966-1247,1,taite.seadon@skylineacademy.com
Audi,Pervoe,502 Waxwing Way,+62 (601) 325-4590,2,audi.pervoe@skylineacademy.com
Marilyn,Meace,08 Maywood Drive,+62 (819) 340-3231,3,marilyn.meace@skylineacademy.com
Cassaundra,Flavelle,431 Gale Avenue,+33 (327) 737-1003,4,cassaundra.flavelle@skylineacademy.com
Helsa,Skingley,724 Ludington Circle,+86 (433) 335-2912,5,helsa.skingley@skylineacademy.com
Valaria,Linford,74 Tennyson Junction,+55 (358) 966-1160,6,valaria.linford@skylineacademy.com
Prescott,Clericoates,40443 Johnson Center,+976 (899) 393-1104,7,prescott.clericoates@skylineacademy.com
Dorri,Pinckard,00 Barnett Terrace,+49 (657) 574-1328,8,dorri.pinckard@skylineacademy.com
Marlyn,Lawler,16 Steensland Court,+62 (778) 894-6426,9,marlyn.lawler@skylineacademy.com
Erl,Andresser,0 Delaware Point,+880 (488) 988-8016,10,erl.andresser@skylineacademy.com
Dov,Sommerscales,64 Grayhawk Crossing,+62 (161) 362-6716,11,dov.sommerscales@skylineacademy.com
Brianna,McClements,1247 Norway Maple Avenue,+967 (849) 991-4238,12,brianna.mcclements@skylineacademy.com
Kalil,Raftery,31176 Prairie Rose Pass,+86 (548) 221-5093,13,kalil.raftery@skylineacademy.com
Cullen,Bucktrout,40 Crowley Pass,+48 (258) 583-1411,14,cullen.bucktrout@skylineacademy.com
Reinold,Landall,7 Drewry Pass,+62 (107) 884-5311,15,reinold.landall@skylineacademy.com
Eulalie,Jenckes,51051 Schiller Park,+48 (567) 702-3942,16,eulalie.jenckes@skylineacademy.com
Chanda,Alders,9943 Scott Park,+57 (336) 863-7920,17,chanda.alders@skylineacademy.com
Frances,Corbishley,80 Loeprich Terrace,+351 (788) 472-0509,18,frances.corbishley@skylineacademy.com
Tonnie,Connick,2 Northport Crossing,+63 (326) 220-3278,19,tonnie.connick@skylineacademy.com
Lorna,Ciubutaro,9032 Lawn Crossing,+62 (634) 993-3376,20,lorna.ciubutaro@skylineacademy.com
Jeno,Loffill,8 Novick Road,+502 (805) 551-1063,1,jeno.loffill@skylineacademy.com
Torin,Lagden,6634 Crownhardt Circle,+420 (252) 153-8106,2,torin.lagden@skylineacademy.com
Isobel,Ebbings,230 Dexter Trail,+880 (248) 674-9894,3,isobel.ebbings@skylineacademy.com
Jordon,Helleker,34612 Mosinee Center,+63 (221) 674-3470,4,jordon.helleker@skylineacademy.com
Abner,Juszkiewicz,29302 Kings Crossing,+1 (839) 366-8606,5,abner.juszkiewicz@skylineacademy.com
Michelle,Kuhlen,1 Prairieview Court,+48 (335) 894-0480,6,michelle.kuhlen@skylineacademy.com
Deloria,Scrimshaw,0992 John Wall Lane,+1 (878) 544-6523,7,deloria.scrimshaw@skylineacademy.com
Tera,Ledwitch,6 Truax Way,+55 (482) 441-8613,8,tera.ledwitch@skylineacademy.com
Connor,Firman,2559 Marcy Avenue,+420 (401) 310-0280,9,connor.firman@skylineacademy.com
Etty,Morant,7140 Mosinee Alley,+1 (277) 203-1038,10,etty.morant@skylineacademy.com
Kylen,Gallally,5370 Scott Circle,+66 (884) 818-2097,11,kylen.gallally@skylineacademy.com
Bryn,Bartram,8 Nova Crossing,+63 (588) 333-0895,12,bryn.bartram@skylineacademy.com
Marlow,Dahlback,7746 Mifflin Hill,+963 (777) 775-1436,13,marlow.dahlback@skylineacademy.com
Grete,Wardle,0750 Summerview Avenue,+420 (361) 189-7788,14,grete.wardle@skylineacademy.com
Abie,Butterfill,986 Paget Alley,+86 (708) 261-2818,15,abie.butterfill@skylineacademy.com
Michel,Scupham,16000 Crowley Terrace,+55 (619) 241-8438,16,michel.scupham@skylineacademy.com
Winifred,Shrubshall,49 Novick Trail,+54 (993) 856-6111,17,winifred.shrubshall@skylineacademy.com
Marinna,Haslum,1301 Mayfield Park,+48 (948) 355-7814,18,marinna.haslum@skylineacademy.com
Mickie,Grigorescu,83 Waubesa Alley,+1 (704) 640-1877,19,mickie.grigorescu@skylineacademy.com
Dayna,Jakeman,735 Ridge Oak Plaza,+62 (561) 654-6961,20,dayna.jakeman@skylineacademy.com
Liane,Pasmore,05 Hansons Road,+36 (908) 651-5687,1,liane.pasmore@skylineacademy.com
Benjamen,Jenne,37 New Castle Street,+62 (754) 720-8660,2,benjamen.jenne@skylineacademy.com
Athene,Tremelling,72713 Badeau Court,+86 (574) 441-8537,3,athene.tremelling@skylineacademy.com
Lianna,Kolinsky,447 Esker Way,+63 (501) 833-0177,4,lianna.kolinsky@skylineacademy.com
Cherrita,Flode,1916 Hermina Court,+33 (277) 912-0111,5,cherrita.flode@skylineacademy.com
Emelina,Cookson,3917 Cody Street,+84 (197) 408-4418,6,emelina.cookson@skylineacademy.com
Theodoric,Radbond,8129 Banding Center,+7 (457) 200-2665,7,theodoric.radbond@skylineacademy.com
Darrelle,Ruddy,223 Independence Alley,+7 (679) 522-4299,8,darrelle.ruddy@skylineacademy.com
Ara,Lockwood,2523 Leroy Park,+1 (302) 273-0585,9,ara.lockwood@skylineacademy.com
Shelia,Humbert,65290 Melvin Trail,+7 (849) 844-7074,10,shelia.humbert@skylineacademy.com
Marnia,Gillum,2 Crownhardt Plaza,+356 (914) 827-7175,11,marnia.gillum@skylineacademy.com
Brandi,Douch,2554 Pearson Road,+62 (438) 788-2365,12,brandi.douch@skylineacademy.com
Hyacinthie,Yarrell,83 Surrey Center,+48 (925) 372-3185,13,hyacinthie.yarrell@skylineacademy.com
Harv,Greville,95 Arapahoe Trail,+81 (933) 526-3402,14,harv.greville@skylineacademy.com
Roseann,Cianelli,1 Cambridge Crossing,+353 (792) 709-0230,15,roseann.cianelli@skylineacademy.com
Jarib,Parzis,955 Petterle Crossing,+62 (992) 375-6985,16,jarib.parzis@skylineacademy.com
Carri,Kelinge,37 Mcguire Plaza,+251 (429) 248-2262,17,carri.kelinge@skylineacademy.com
Enrique,Siggee,4 Holmberg Parkway,+33 (674) 192-0062,18,enrique.siggee@skylineacademy.com
Yves,Lum,55 Northfield Junction,+351 (328) 710-6513,19,yves.lum@skylineacademy.com
Ingmar,Shelf,197 Mcguire Terrace,+63 (878) 161-6429,20,ingmar.shelf@skylineacademy.com
Orion,Savatier,135 Talmadge Circle,+82 (639) 942-5080,1,orion.savatier@skylineacademy.com
Broddy,Bruckmann,452 Manley Street,+62 (586) 666-2914,2,broddy.bruckmann@skylineacademy.com
Carree,Branca,3718 Bunker Hill Center,+374 (633) 778-3247,3,carree.branca@skylineacademy.com
Ianthe,Warr,56643 Gale Lane,+254 (151) 208-6443,4,ianthe.warr@skylineacademy.com
Rudolfo,Cordall,9764 Buell Road,+54 (253) 732-2774,5,rudolfo.cordall@skylineacademy.com
Fey,Filipic,6 New Castle Pass,+86 (572) 995-1363,6,fey.filipic@skylineacademy.com
Maurene,Viant,38255 Prentice Parkway,+86 (656) 578-8442,7,maurene.viant@skylineacademy.com
Shana,Mattiazzo,7 Leroy Plaza,+970 (527) 535-3554,8,shana.mattiazzo@skylineacademy.com
Prudy,Axtens,11 Namekagon Drive,+380 (644) 864-3917,9,prudy.axtens@skylineacademy.com
Scotty,McVity,715 Vera Junction,+86 (505) 355-5830,10,scotty.mcvity@skylineacademy.com
Ginnie,Antonetti,02 Mandrake Court,+996 (841) 184-1481,11,ginnie.antonetti@skylineacademy.com
Armin,Bisp,48 Eastwood Place,+46 (793) 462-7953,12,armin.bisp@skylineacademy.com
Danyelle,McShee,54662 Arapahoe Trail,+62 (386) 432-7092,13,danyelle.mcshee@skylineacademy.com
Jehu,Harle,3 Dovetail Street,+63 (269) 664-7990,14,jehu.harle@skylineacademy.com
Ynes,Late,16 South Avenue,+86 (133) 554-5850,15,ynes.late@skylineacademy.com
Marna,Heathfield,75 Debs Park,+86 (129) 611-2207,16,marna.heathfield@skylineacademy.com
Anallise,Scafe,971 Dapin Street,+57 (648) 250-6833,17,anallise.scafe@skylineacademy.com
Dasi,Sisse,139 Miller Way,+46 (709) 994-3276,18,dasi.sisse@skylineacademy.com
Tate,McGarrell,1362 Kropf Parkway,+351 (213) 955-9549,19,tate.mcgarrell@skylineacademy.com
Con,Honack,092 Lyons Junction,+856 (471) 789-3443,20,con.honack@skylineacademy.com
Donovan,Orrocks,7582 Kensington Pass,+86 (746) 454-7627,1,donovan.orrocks@skylineacademy.com
Jemmy,Berrigan,29 Northview Avenue,+1 (395) 294-4201,2,jemmy.berrigan@skylineacademy.com
Fancie,Kaufman,22 Eagan Court,+7 (613) 306-4027,3,fancie.kaufman@skylineacademy.com
Beverlie,Topp,355 Iowa Circle,+63 (704) 336-0625,4,beverlie.topp@skylineacademy.com
Cassy,Edworthye,283 Meadow Vale Parkway,+381 (677) 594-9100,5,cassy.edworthye@skylineacademy.com
Kienan,McClounan,257 Myrtle Court,+63 (160) 432-9039,6,kienan.mcclounan@skylineacademy.com
Evelin,Goalby,87370 Calypso Junction,+505 (180) 900-4805,7,evelin.goalby@skylineacademy.com
Juliette,Leinthall,9024 Fuller Center,+63 (999) 421-6291,8,juliette.leinthall@skylineacademy.com
Basilio,Woolard,706 Southridge Way,+7 (185) 195-9555,9,basilio.woolard@skylineacademy.com
Enrico,Stook,63236 Heffernan Way,+57 (564) 726-1377,10,enrico.stook@skylineacademy.com
Davey,Durrad,4097 Cody Circle,+86 (391) 886-3849,11,davey.durrad@skylineacademy.com
Katerine,Lesper,0060 Rowland Avenue,+389 (631) 120-9796,12,katerine.lesper@skylineacademy.com
Manfred,Tee,98680 8th Street,+380 (473) 298-7752,13,manfred.tee@skylineacademy.com
Miguelita,Breston,3326 Dayton Crossing,+86 (719) 606-0458,14,miguelita.breston@skylineacademy.com
Daron,Baldelli,665 Spohn Park,+49 (477) 502-6446,15,daron.baldelli@skylineacademy.com
Sybil,Blodget,1 Caliangt Place,+62 (363) 347-4450,16,sybil.blodget@skylineacademy.com
Maribel,Grishelyov,717 Parkside Junction,+55 (278) 865-0979,17,maribel.grishelyov@skylineacademy.com
Lucian,Bilsborrow,8821 Hoepker Lane,+84 (112) 890-8942,18,lucian.bilsborrow@skylineacademy.com
Claudius,Humbey,2 Meadow Vale Court,+51 (168) 952-9116,19,claudius.humbey@skylineacademy.com
Kelcie,Charrisson,46 Logan Place,+62 (436) 541-2869,20,kelcie.charrisson@skylineacademy.com
Giacopo,Beetham,557 Myrtle Street,+359 (717) 179-6945,1,giacopo.beetham@skylineacademy.com
Orran,Girault,5820 Declaration Park,+63 (347) 322-2008,2,orran.girault@skylineacademy.com
Mort,Guite,76 Crowley Point,+30 (634) 210-9652,3,mort.guite@skylineacademy.com
Hermine,Westcott,933 Vidon Drive,+55 (571) 884-7411,4,hermine.westcott@skylineacademy.com
Corissa,Duggary,01160 Nobel Circle,+234 (769) 202-1195,5,corissa.duggary@skylineacademy.com
Christie,Sirman,814 Schurz Lane,+963 (133) 411-3253,6,christie.sirman@skylineacademy.com
Barde,Redon,40 Arapahoe Park,+81 (428) 125-2351,7,barde.redon@skylineacademy.com
Hew,Waterhowse,8 Declaration Drive,+48 (772) 878-0245,8,hew.waterhowse@skylineacademy.com
Baxie,Barsam,88 Welch Plaza,+66 (686) 473-6266,9,baxie.barsam@skylineacademy.com
Layla,Dreelan,2 Dexter Alley,+351 (154) 786-5068,10,layla.dreelan@skylineacademy.com
Lenci,Lapley,61994 Roth Crossing,+86 (445) 757-4400,11,lenci.lapley@skylineacademy.com
Fernande,Pre,6061 Brickson Park Alley,+970 (535) 169-9870,12,fernande.pre@skylineacademy.com
Shawnee,Cuer,145 Hovde Avenue,+47 (118) 785-8142,13,shawnee.cuer@skylineacademy.com
Briant,Deluze,0272 Marcy Avenue,+967 (932) 105-2620,14,briant.deluze@skylineacademy.com
Janey,Peret,69484 Holy Cross Court,+54 (557) 958-9181,15,janey.peret@skylineacademy.com
Jay,Bolesworth,39997 School Center,+420 (162) 721-8016,16,jay.bolesworth@skylineacademy.com
Kyrstin,Rysom,2 Coolidge Avenue,+62 (500) 917-5389,17,kyrstin.rysom@skylineacademy.com
Gretal,McDavitt,46670 Burrows Crossing,+420 (301) 988-6588,18,gretal.mcdavitt@skylineacademy.com
Cristal,Easun,21 Briar Crest Center,+86 (674) 596-0072,19,cristal.easun@skylineacademy.com
Vitoria,Figin,814 Heath Street,+48 (809) 472-2163,20,vitoria.figin@skylineacademy.com
Olenolin,Torres,699 Hanover Junction,+234 (832) 831-5580,1,olenolin.torres@skylineacademy.com
Albertina,Blewitt,66937 Sunnyside Point,+995 (440) 827-1276,2,albertina.blewitt@skylineacademy.com
Martie,McCuaig,046 Summerview Point,+98 (164) 683-1195,3,martie.mccuaig@skylineacademy.com
Kele,Spurdle,68 Londonderry Lane,+46 (720) 265-7135,4,kele.spurdle@skylineacademy.com
Cristiano,O'Brallaghan,26470 Corry Street,+46 (296) 588-8981,5,cristiano.obrallaghan@skylineacademy.com
Maureene,Sambell,760 Lien Center,+359 (507) 719-6813,6,maureene.sambell@skylineacademy.com
Nanni,Berndsen,855 Express Point,+86 (964) 395-3837,7,nanni.berndsen@skylineacademy.com
Friederike,Osgar,2 Hansons Avenue,+389 (179) 415-7706,8,friederike.osgar@skylineacademy.com
Karin,Kits,972 Express Junction,+63 (268) 952-0311,9,karin.kits@skylineacademy.com
Robinet,Penelli,42767 American Avenue,+86 (867) 218-4388,10,robinet.penelli@skylineacademy.com
Madlin,Casini,07982 Utah Road,+54 (333) 748-1589,11,madlin.casini@skylineacademy.com
Malinde,L'oiseau,7 Laurel Terrace,+49 (636) 995-6364,12,malinde.loiseau@skylineacademy.com
Marietta,Ilden,41 Scofield Way,+57 (139) 380-0649,13,marietta.ilden@skylineacademy.com
Karna,Afonso,017 Melrose Place,+1 (317) 973-4817,14,karna.afonso@skylineacademy.com
Rorke,Couronne,2 Arapahoe Point,+1 (133) 933-9675,15,rorke.couronne@skylineacademy.com
Maren,Halle,441 East Street,+86 (960) 144-6695,16,maren.halle@skylineacademy.com
Frazier,Dawidowitsch,6259 Stuart Center,+1 (212) 929-2755,17,frazier.dawidowitsch@skylineacademy.com
Alick,Routledge,334 Manley Circle,+351 (504) 216-6490,18,alick.routledge@skylineacademy.com
Carlita,Correa,52254 Hovde Lane,+86 (578) 426-0976,19,carlita.correa@skylineacademy.com
Tine,Hanse,477 Scott Place,+260 (561) 222-7205,20,tine.hanse@skylineacademy.com
Ede,Cowl,47 Meadow Valley Drive,+86 (391) 414-9920,1,ede.cowl@skylineacademy.com
Mohandis,Smewings,88 Morrow Place,+7 (374) 855-5776,2,mohandis.smewings@skylineacademy.com
Zonnya,Chilvers,38680 Red Cloud Center,+86 (914) 678-7145,3,zonnya.chilvers@skylineacademy.com
Philip,Yerrington,7 Veith Parkway,+54 (859) 130-4878,4,philip.yerrington@skylineacademy.com
Thorn,Hansford,72807 Valley Edge Plaza,+86 (494) 365-7826,5,thorn.hansford@skylineacademy.com
Ainsley,Regenhardt,8 Marquette Plaza,+62 (797) 522-5148,6,ainsley.regenhardt@skylineacademy.com
Caty,Braunton,27387 Atwood Pass,+62 (980) 355-8307,7,caty.braunton@skylineacademy.com
Cassie,Mulder,119 Tomscot Terrace,+93 (218) 760-3838,8,cassie.mulder@skylineacademy.com
Jany,St. Hill,371 Buell Park,+886 (192) 327-1590,9,jany.st. hill@skylineacademy.com
Roman,Hellens,194 Roxbury Court,+86 (780) 558-4243,10,roman.hellens@skylineacademy.com
Sibby,Vogeler,0 Hauk Terrace,+351 (699) 914-9367,11,sibby.vogeler@skylineacademy.com
Adria,Wildsmith,004 American Crossing,+351 (356) 936-5110,12,adria.wildsmith@skylineacademy.com
Haskel,Yakushkin,2 Stone Corner Park,+51 (779) 225-4227,13,haskel.yakushkin@skylineacademy.com
Bryon,Di Lucia,3 Farragut Lane,+86 (455) 901-5367,14,bryon.di lucia@skylineacademy.com
Dasha,Ridler,6 Charing Cross Terrace,+977 (107) 114-5300,15,dasha.ridler@skylineacademy.com
Ciro,Autin,359 Loftsgordon Park,+351 (306) 449-2049,16,ciro.autin@skylineacademy.com
Jordon,Yarker,0 Erie Place,+92 (293) 560-2099,17,jordon.yarker@skylineacademy.com
Waylen,Clay,54370 Carey Center,+86 (224) 620-5401,18,waylen.clay@skylineacademy.com
Olin,Crush,81 Vera Lane,+62 (926) 171-4329,19,olin.crush@skylineacademy.com
Tory,Crease,9 Delladonna Alley,+261 (651) 264-6025,20,tory.crease@skylineacademy.com
Carolyne,Gifford,13840 Bowman Street,+66 (243) 912-6265,1,carolyne.gifford@skylineacademy.com
Jerrylee,Messingham,96278 Lotheville Lane,+62 (492) 687-7961,2,jerrylee.messingham@skylineacademy.com
Cesaro,Catterall,7414 American Circle,+55 (308) 377-1316,3,cesaro.catterall@skylineacademy.com
Corenda,Bedle,86 Blaine Alley,+86 (774) 751-2926,4,corenda.bedle@skylineacademy.com
Penny,Rampling,4005 West Way,+386 (232) 944-3498,5,penny.rampling@skylineacademy.com
Meryl,Rosindill,4092 Raven Avenue,+86 (630) 276-4758,6,meryl.rosindill@skylineacademy.com
Giacopo,Blakeston,82 8th Trail,+358 (787) 708-3804,7,giacopo.blakeston@skylineacademy.com
Roy,Pavlovsky,35397 Scofield Place,+63 (537) 905-4673,8,roy.pavlovsky@skylineacademy.com
Hersh,Burchess,5927 Basil Hill,+48 (673) 617-4854,9,hersh.burchess@skylineacademy.com
Franny,Danjoie,33030 Oneill Way,+55 (189) 189-6986,10,franny.danjoie@skylineacademy.com
Selig,Griffitt,98 Helena Way,+420 (774) 316-3344,11,selig.griffitt@skylineacademy.com
Chickie,Musselwhite,8695 Graedel Street,+86 (672) 666-1338,12,chickie.musselwhite@skylineacademy.com
Joe,Nutkin,582 Clove Avenue,+230 (895) 727-2957,13,joe.nutkin@skylineacademy.com
Ermina,Fearon,0515 Killdeer Road,+976 (492) 364-4935,14,ermina.fearon@skylineacademy.com
Claretta,Mannock,1 Crest Line Place,+972 (860) 587-4639,15,claretta.mannock@skylineacademy.com
Arlyne,Wintle,0162 Porter Road,+55 (284) 441-6433,16,arlyne.wintle@skylineacademy.com
Willa,Cousins,5693 Killdeer Alley,+504 (325) 976-7268,17,willa.cousins@skylineacademy.com
Ferdinanda,Ionnidis,298 Veith Center,+55 (982) 183-8999,18,ferdinanda.ionnidis@skylineacademy.com
Zulema,Gertz,195 Canary Pass,+62 (870) 747-7759,19,zulema.gertz@skylineacademy.com
Corbin,Hoopper,166 John Wall Road,+62 (987) 218-8111,20,corbin.hoopper@skylineacademy.com
Kym,Fagence,04 Rusk Place,+351 (781) 509-5663,1,kym.fagence@skylineacademy.com
Lilas,Foffano,03851 Dakota Lane,+27 (342) 761-1757,2,lilas.foffano@skylineacademy.com
Averill,Thacke,282 Aberg Plaza,+33 (658) 440-6190,3,averill.thacke@skylineacademy.com
Davis,Eubank,58 Fremont Avenue,+81 (521) 387-2384,4,davis.eubank@skylineacademy.com
Nathalia,Filoniere,50 American Ash Trail,+62 (121) 197-3391,5,nathalia.filoniere@skylineacademy.com
Nettle,Ottey,5 Thackeray Place,+86 (778) 148-3532,6,nettle.ottey@skylineacademy.com
Reginauld,Venturoli,83103 Oxford Lane,+7 (178) 245-8850,7,reginauld.venturoli@skylineacademy.com
Dyna,Hazle,1 Thierer Place,+351 (651) 659-7905,8,dyna.hazle@skylineacademy.com
Adriana,Tenniswood,43 6th Junction,+86 (498) 509-8641,9,adriana.tenniswood@skylineacademy.com
Trent,Rouke,03839 Loeprich Park,+420 (970) 986-0505,10,trent.rouke@skylineacademy.com
Ella,Blowick,21096 Tennessee Center,+387 (512) 587-4519,11,ella.blowick@skylineacademy.com
Leesa,Lean,22680 Menomonie Place,+62 (725) 210-8788,12,leesa.lean@skylineacademy.com
Geneva,Songist,897 Barnett Drive,+33 (274) 531-0340,13,geneva.songist@skylineacademy.com
Luella,Rydzynski,95106 Manley Circle,+33 (332) 943-2834,14,luella.rydzynski@skylineacademy.com
Dani,Bendley,0364 Esch Terrace,+46 (953) 490-2683,15,dani.bendley@skylineacademy.com
Dorisa,Judkin,69450 Hintze Alley,+86 (337) 288-2008,16,dorisa.judkin@skylineacademy.com
Guthry,Bastow,273 Anderson Avenue,+1 (415) 888-8489,17,guthry.bastow@skylineacademy.com
Oberon,Puddle,27508 Fulton Plaza,+20 (188) 510-9563,18,oberon.puddle@skylineacademy.com
Murry,Klaas,9976 Melby Avenue,+86 (716) 843-7277,19,murry.klaas@skylineacademy.com
Vlad,Ajam,999 Shoshone Street,+7 (736) 330-6783,20,vlad.ajam@skylineacademy.com
Cymbre,Bertouloume,69 Onsgard Circle,+420 (809) 929-6149,1,cymbre.bertouloume@skylineacademy.com
Krissie,Darco,36736 Continental Hill,+249 (421) 944-5859,2,krissie.darco@skylineacademy.com
Angelle,Egginson,158 Southridge Point,+964 (644) 127-3514,3,angelle.egginson@skylineacademy.com
Genia,Sauniere,6 Milwaukee Circle,+358 (370) 960-6387,4,genia.sauniere@skylineacademy.com
Lindsay,Thornewell,6 Ronald Regan Park,+7 (448) 177-0701,5,lindsay.thornewell@skylineacademy.com
Delia,Stanborough,01028 Vernon Park,+380 (685) 903-7054,6,delia.stanborough@skylineacademy.com
Lurlene,Herrema,6 Porter Hill,+1 (955) 796-9206,7,lurlene.herrema@skylineacademy.com
Farris,Burrow,9985 American Ash Alley,+86 (850) 742-0455,8,farris.burrow@skylineacademy.com
Mabel,Thain,11827 Pepper Wood Center,+33 (421) 961-7139,9,mabel.thain@skylineacademy.com
Chantal,Burhouse,66 Linden Hill,+48 (766) 344-7116,10,chantal.burhouse@skylineacademy.com
Eal,Offener,580 Dawn Point,+244 (764) 314-1913,11,eal.offener@skylineacademy.com
Thurstan,Casiroli,28046 Loftsgordon Center,+7 (934) 495-4215,12,thurstan.casiroli@skylineacademy.com
Ogdan,McGonnell,8 Porter Junction,+62 (521) 453-2526,13,ogdan.mcgonnell@skylineacademy.com
Wilhelmina,Bonnick,587 Waxwing Center,+86 (174) 507-3831,14,wilhelmina.bonnick@skylineacademy.com
Fabio,Presslie,53 Waywood Lane,+355 (712) 271-3545,15,fabio.presslie@skylineacademy.com
Aron,O'Geaney,08434 Straubel Crossing,+48 (676) 404-0805,16,aron.ogeaney@skylineacademy.com
Kory,Chicken,03190 Corben Street,+62 (595) 406-8783,17,kory.chicken@skylineacademy.com
Allister,Manneville,5006 Elka Place,+7 (844) 449-5970,18,allister.manneville@skylineacademy.com
Tilly,Yair,336 Autumn Leaf Hill,+387 (171) 926-9848,19,tilly.yair@skylineacademy.com
Laraine,Mockett,20747 Dexter Avenue,+86 (565) 842-9795,20,laraine.mockett@skylineacademy.com
Dorree,Rosenhaupt,2 Brown Pass,+62 (246) 822-1936,1,dorree.rosenhaupt@skylineacademy.com
Grover,O' Byrne,009 Prairie Rose Park,+63 (208) 662-4518,2,grover.o byrne@skylineacademy.com
Elysia,D'Andrea,12471 Mccormick Junction,+7 (745) 156-6450,3,elysia.dandrea@skylineacademy.com
Allene,Keld,5085 Pleasure Way,+86 (775) 756-4195,4,allene.keld@skylineacademy.com
Petra,Heggison,664 Lake View Junction,+972 (844) 517-2580,5,petra.heggison@skylineacademy.com
Loraine,Duggon,919 Northfield Terrace,+387 (862) 922-0947,6,loraine.duggon@skylineacademy.com
Hodge,Copley,2 1st Circle,+420 (765) 745-5099,7,hodge.copley@skylineacademy.com
Sadie,Moyce,67 Di Loreto Way,+234 (133) 791-4575,8,sadie.moyce@skylineacademy.com
Else,Balas,682 Kipling Trail,+48 (926) 765-7915,9,else.balas@skylineacademy.com
Almeta,Jakovijevic,38386 Kenwood Pass,+55 (166) 586-1074,10,almeta.jakovijevic@skylineacademy.com
Dewitt,Ekless,31781 Waubesa Lane,+86 (158) 973-1562,11,dewitt.ekless@skylineacademy.com
Della,Faunt,4 Namekagon Point,+54 (279) 332-7678,12,della.faunt@skylineacademy.com
Ardra,Le Grice,55784 Birchwood Terrace,+86 (776) 395-3346,13,ardra.le grice@skylineacademy.com
Calla,Margerison,99560 Schiller Hill,+62 (795) 583-5123,14,calla.margerison@skylineacademy.com
Leeann,Mounfield,90935 Lighthouse Bay Trail,+63 (108) 328-5886,15,leeann.mounfield@skylineacademy.com
Nelia,Baselli,44039 Main Center,+502 (507) 218-1755,16,nelia.baselli@skylineacademy.com
Lona,Ordidge,86 Russell Park,+86 (813) 188-7467,17,lona.ordidge@skylineacademy.com
Osbert,Steen,70531 Linden Center,+420 (133) 930-5937,18,osbert.steen@skylineacademy.com
Roana,Hanscome,21485 Birchwood Alley,+351 (722) 855-9578,19,roana.hanscome@skylineacademy.com
Bette-ann,Skittrall,7 Sutteridge Lane,+86 (400) 169-4101,20,bette-ann.skittrall@skylineacademy.com
Estel,Olin,42 Ronald Regan Drive,+52 (416) 855-0035,1,estel.olin@skylineacademy.com
David,Kalewe,86 Birchwood Hill,+63 (174) 155-8238,2,david.kalewe@skylineacademy.com
Ulric,Spittal,6 Dapin Center,+351 (795) 595-7596,3,ulric.spittal@skylineacademy.com
Gracia,Betjes,8351 Jay Park,+420 (694) 851-8774,4,gracia.betjes@skylineacademy.com
Lorne,Prangnell,39588 Saint Paul Point,+1 (303) 785-6611,5,lorne.prangnell@skylineacademy.com
Perren,Mullis,2 Utah Street,+1 (211) 429-5211,6,perren.mullis@skylineacademy.com
Milty,Padley,96755 Mandrake Way,+54 (970) 330-8930,7,milty.padley@skylineacademy.com
Justus,Bonnet,8 Doe Crossing Avenue,+351 (665) 952-4643,8,justus.bonnet@skylineacademy.com
Calhoun,Vinton,787 Almo Way,+46 (330) 209-1610,9,calhoun.vinton@skylineacademy.com
Reyna,Muldrew,14 Eliot Alley,+62 (949) 997-6676,10,reyna.muldrew@skylineacademy.com
Florie,Beining,46 Magdeline Parkway,+62 (983) 579-7059,11,florie.beining@skylineacademy.com
Tonya,Heeks,1 Dorton Center,+351 (934) 625-5858,12,tonya.heeks@skylineacademy.com
Madeline,Lantoph,46 Columbus Lane,+7 (225) 301-9366,13,madeline.lantoph@skylineacademy.com
Bret,Spring,66848 Ridge Oak Way,+48 (734) 233-4044,14,bret.spring@skylineacademy.com
Stefan,Gredden,54542 Lien Trail,+261 (249) 792-6859,15,stefan.gredden@skylineacademy.com
Dexter,Giffard,1 Ludington Terrace,+375 (498) 615-3073,16,dexter.giffard@skylineacademy.com
Stevana,Lehrahan,833 John Wall Drive,+62 (419) 249-3284,17,stevana.lehrahan@skylineacademy.com
Monika,Towle,83 Hoepker Lane,+7 (799) 127-7177,18,monika.towle@skylineacademy.com
Libby,Edyson,7436 Clarendon Plaza,+30 (672) 102-5999,19,libby.edyson@skylineacademy.com
Rayna,Yukhtin,65509 Rusk Parkway,+86 (875) 470-9866,20,rayna.yukhtin@skylineacademy.com
Emlen,Muirden,40 Ridgeview Park,+62 (701) 872-3154,1,emlen.muirden@skylineacademy.com
Gerick,Macourek,14 Parkside Trail,+850 (546) 125-5259,2,gerick.macourek@skylineacademy.com
Harrie,Posselwhite,3 Hintze Terrace,+57 (683) 727-9656,3,harrie.posselwhite@skylineacademy.com
Salli,Humbatch,79 Cardinal Junction,+86 (259) 845-0472,4,salli.humbatch@skylineacademy.com
Corette,Amor,2 Little Fleur Parkway,+86 (760) 308-4903,5,corette.amor@skylineacademy.com
Herman,Cree,7 Bluestem Drive,+57 (975) 922-7135,6,herman.cree@skylineacademy.com
Vevay,Barson,4314 Myrtle Crossing,+86 (696) 583-5389,7,vevay.barson@skylineacademy.com
Daisie,Coatts,32 Melody Lane,+51 (944) 952-3664,8,daisie.coatts@skylineacademy.com
Dolf,Salkild,6 Portage Hill,+86 (403) 970-8210,9,dolf.salkild@skylineacademy.com
Brynna,Sturdey,664 Myrtle Court,+374 (756) 438-0950,10,brynna.sturdey@skylineacademy.com
Rosella,Clemmen,7 Ludington Way,+62 (307) 995-0390,11,rosella.clemmen@skylineacademy.com
Carole,Legister,57199 Golf Course Way,+82 (186) 721-2142,12,carole.legister@skylineacademy.com
Tadeo,Allcott,62514 Debs Way,+62 (504) 976-8771,13,tadeo.allcott@skylineacademy.com
Amberly,Simeoli,2 Everett Center,+30 (966) 943-2799,14,amberly.simeoli@skylineacademy.com
Chrystel,Kittow,0 Rigney Alley,+358 (172) 142-5403,15,chrystel.kittow@skylineacademy.com
Inez,McNeachtain,1226 Pawling Court,+62 (836) 310-7873,16,inez.mcneachtain@skylineacademy.com
Gratia,Sizeland,86 Porter Center,+357 (260) 115-0583,17,gratia.sizeland@skylineacademy.com
Dav,McEwan,0883 Ruskin Avenue,+84 (489) 328-3560,18,dav.mcewan@skylineacademy.com
Elonore,Sandell,9 Karstens Place,+216 (755) 369-2683,19,elonore.sandell@skylineacademy.com
Denis,Cricket,14860 Huxley Pass,+48 (688) 762-3041,20,denis.cricket@skylineacademy.com
